CGST Rule,CGST Rule,IGST Rule,Ccess Rule
1,,,
2,,,
3,"24, 8, 44, 4, 5, 6, 7",,
4,"10, 8, 3, 5, 6, 7",,
5,"8, 3, 4, 6, 7",,
6,"3, 4, 5, 7",,
7,"3, 4, 5, 6",,
8,"9, 10, 10A, 11, 12, 13, 14, 15, 16, 17, 18, 19, 20, 21, 21A, 22, 23, 24, 25, 26, 56, 41A",,
9,"8, 10, 10A, 11, 12, 13, 14, 15, 16, 17, 18, 19, 20, 21, 21A, 22, 23, 24, 25, 26, 56, 41A",,
10,"8, 9, 10A, 11, 12, 13, 14, 15, 16, 17, 18, 19, 20, 21, 21A, 22, 23, 24, 25, 26, 56, 41A",,
10A,"8, 9, 10, 11, 12, 13, 14, 15, 16, 17, 18, 19, 20, 21, 21A, 22, 23, 24, 25, 26, 56, 41A",,
11,"8, 9, 10, 10A, 12, 13, 14, 15, 16, 17, 18, 19, 20, 21, 21A, 22, 23, 24, 25, 26, 56, 41A",,
12,"8, 9, 10, 10A, 11, 13, 14, 15, 16, 17, 18, 19, 20, 21, 21A, 22, 23, 24, 25, 26, 56, 41A",,
13,"8, 9, 10, 10A, 11, 12, 14, 15, 16, 17, 18, 19, 20, 21, 21A, 22, 23, 24, 25, 26, 56, 41A",,
14,"8, 9, 10, 10A, 11, 12, 13, 15, 16, 17, 18, 19, 20, 21, 21A, 22, 23, 24, 25, 26, 56, 41A",,
15,"8, 9, 10, 10A, 11, 13, 14, 12, 16, 17, 18, 19, 20, 21, 21A, 22, 23, 24, 25, 26, 56, 41A",,
16,"8, 9, 10, 10A, 11, 13, 14, 15, 12, 17, 18, 19, 20, 21, 21A, 22, 23, 24, 25, 26, 56, 41A",,
17,"8, 9, 10, 10A, 11, 13, 14, 15, 16, 12, 18, 19, 20, 21, 21A, 22, 23, 24, 25, 26, 56, 41A",,
18,"8, 9, 10, 10A, 11, 13, 14, 15, 16, 17, 12, 19, 20, 21, 21A, 22, 23, 24, 25, 26, 56, 41A",,
19,"8, 9, 10, 10A, 11, 13, 14, 15, 16, 17, 18, 12, 20, 21, 21A, 22, 23, 24, 25, 26, 56, 41A",,
20,"8, 9, 10, 10A, 11, 13, 14, 15, 16, 17, 18, 19, 12, 21, 21A, 22, 23, 24, 25, 26, 56, 41A",,
21,"8, 9, 10, 10A, 11, 13, 14, 15, 16, 17, 18, 19, 20, 12, 21A, 22, 23, 24, 25, 26, 56, 41A",,
21A,"8, 9, 10, 10A, 11, 13, 14, 15, 16, 17, 18, 19, 20, 21, 12, 22, 23, 24, 25, 26, 56, 41A",,
22,"8, 9, 10, 10A, 11, 13, 14, 15, 16, 17, 18, 19, 20, 21, 21A, 12, 23, 24, 25, 26, 56, 41A",,
23,"8, 9, 10, 10A, 11, 13, 14, 15, 16, 17, 18, 19, 20, 21, 21A, 22, 12, 24, 25, 26, 56, 41A",,
24,"8, 9, 10, 10A, 11, 13, 14, 15, 16, 17, 18, 19, 20, 21, 21A, 22, 23, 12, 25, 26, 56, 41A",,
25,"8, 9, 10, 10A, 11, 13, 14, 15, 16, 17, 18, 19, 20, 21, 21A, 22, 23, 24, 12, 26, 56, 41A",,
26,"8, 9, 10, 10A, 11, 13, 14, 15, 16, 17, 18, 19, 20, 21, 21A, 22, 23, 24, 12, 25, 56, 41A",,
27,"28, 29, 30, 31, 31A, 32, 32A, 33, 34, 35",,
28,"27, 29, 30, 31, 31A, 32, 32A, 33, 34, 35",,
29,"28, 27, 30, 31, 31A, 32, 32A, 33, 34, 35",,
30,"28, 29, 27, 31, 31A, 32, 32A, 33, 34, 35",,
31,"28, 29, 30, 27, 31A, 32, 32A, 33, 34, 35",,
31A,"28, 29, 30, 31, 27, 32, 32A, 33, 34, 35",,
32,"28, 29, 30, 31, 31A, 27, 32A, 33, 34, 35",,
32A,"28, 29, 30, 31, 31A, 32, 27, 33, 34, 35",,
33,"28, 29, 30, 31, 31A, 32, 32A, 27, 34, 35",,
34,"28, 29, 30, 31, 31A, 32, 32A, 33, 27, 35",,
35,"28, 29, 30, 31, 31A, 32, 32A, 33, 34, 27",,
36,"37, 38, 39, 40, 41, 42, 43, 44, 44A, 45, 54, 41A",,
37,"36, 38, 39, 40, 41, 42, 43, 44, 44A, 45, 54, 41A",,
38,"37, 36, 39, 40, 41, 42, 43, 44, 44A, 45, 54, 41A",,
39,"37, 38, 36, 40, 41, 42, 43, 44, 44A, 45, 54, 41A",,
40,"37, 38, 39, 36, 41, 42, 43, 44, 44A, 45, 54, 41A",,
41,"37, 38, 39, 40, 36, 42, 43, 44, 44A, 45, 54, 41A",,
41A,"37, 38, 39, 40, 36, 42, 43, 44, 44A, 45, 54, 41, 11",,
42,"37, 38, 39, 40, 41, 36, 43, 44, 44A, 45, 54, 41A",,
43,"37, 38, 39, 40, 41, 42, 36, 44, 44A, 45, 54, 41A",,
44,"37, 38, 39, 40, 41, 42, 43, 36, 44A, 45, 54, 41A",,
44A,"37, 38, 39, 40, 41, 42, 43, 44, 36, 45, 54, 41A",,
45,"37, 38, 39, 40, 41, 42, 43, 44, 44A, 36, 54, 41A, 55",,
46,"46A, 47, 48, 49, 50, 51, 52, 53, 54, 55, 55A",,
46A,"46, 47, 48, 49, 50, 51, 52, 53, 54, 55, 55A",,
47,"46A, 46, 48, 49, 50, 51, 52, 53, 54, 55, 55A",,
48,"46A, 47, 46, 49, 50, 51, 52, 53, 54, 55, 55A",,
49,"46A, 47, 48, 46, 50, 51, 52, 53, 54, 55, 55A",,
50,"46A, 47, 48, 49, 46, 51, 52, 53, 54, 55, 55A",,
51,"46A, 47, 48, 49, 50, 46, 52, 53, 54, 55, 55A",,
52,"46A, 47, 48, 49, 50, 51, 46, 53, 54, 55, 55A",,
53,"46A, 47, 48, 49, 50, 51, 52, 46, 54, 55, 55A",,
54,"46A, 47, 48, 49, 50, 51, 52, 53, 46, 55, 55A",,
55,"46A, 47, 48, 49, 50, 51, 52, 53, 54, 46, 55A",,
55A,"46A, 47, 48, 49, 50, 51, 52, 53, 54, 55, 46",,
56,"57, 58",,
57,"56, 58",,
58,"56, 57",,
59,"60, 61, 62, 63, 64, 65, 66, 67, 67A, 68, 69, 70, 71, 72, 73, 74, 75, 76, 77, 78, 79, 80, 81, 82, 83, 83A, 83B, 84",,
60,"59, 61, 62, 63, 64, 65, 66, 67, 67A, 68, 69, 70, 71, 72, 73, 74, 75, 76, 77, 78, 79, 80, 81, 82, 83, 83A, 83B, 84",,
61,"59, 60, 62, 63, 64, 65, 66, 67, 67A, 68, 69, 70, 71, 72, 73, 74, 75, 76, 77, 78, 79, 80, 81, 82, 83, 83A, 83B, 84",,
62,"59, 60, 61, 63, 64, 65, 66, 67, 67A, 68, 69, 70, 71, 72, 73, 74, 75, 76, 77, 78, 79, 80, 81, 82, 83, 83A, 83B, 84",,
63,"59, 60, 61, 62, 64, 65, 66, 67, 67A, 68, 69, 70, 71, 72, 73, 74, 75, 76, 77, 78, 79, 80, 81, 82, 83, 83A, 83B, 84",,
64,"59, 60, 61, 62, 63, 65, 66, 67, 67A, 68, 69, 70, 71, 72, 73, 74, 75, 76, 77, 78, 79, 80, 81, 82, 83, 83A, 83B, 84",,
65,"59, 60, 61, 62, 63, 64, 66, 67, 67A, 68, 69, 70, 71, 72, 73, 74, 75, 76, 77, 78, 79, 80, 81, 82, 83, 83A, 83B, 84",,
66,"59, 60, 61, 62, 63, 64, 65, 67, 67A, 68, 69, 70, 71, 72, 73, 74, 75, 76, 77, 78, 79, 80, 81, 82, 83, 83A, 83B, 84",,
67,"59, 60, 61, 62, 63, 64, 65, 66, 67A, 68, 69, 70, 71, 72, 73, 74, 75, 76, 77, 78, 79, 80, 81, 82, 83, 83A, 83B, 84",,
67A,"59, 60, 61, 62, 63, 64, 65, 66, 67, 68, 69, 70, 71, 72, 73, 74, 75, 76, 77, 78, 79, 80, 81, 82, 83, 83A, 83B, 84",,
68,"59, 60, 61, 62, 63, 64, 65, 66, 67, 67A, 69, 70, 71, 72, 73, 74, 75, 76, 77, 78, 79, 80, 81, 82, 83, 83A, 83B, 84",,
69,"59, 60, 61, 62, 63, 64, 65, 66, 67, 67A, 68, 70, 71, 72, 73, 74, 75, 76, 77, 78, 79, 80, 81, 82, 83, 83A, 83B, 84",,
70,"59, 60, 61, 62, 63, 64, 65, 66, 67, 67A, 68, 69, 71, 72, 73, 74, 75, 76, 77, 78, 79, 80, 81, 82, 83, 83A, 83B, 84",,
71,"59, 60, 61, 62, 63, 64, 65, 66, 67, 67A, 68, 69, 70, 72, 73, 74, 75, 76, 77, 78, 79, 80, 81, 82, 83, 83A, 83B, 84",,
72,"59, 60, 61, 62, 63, 64, 65, 66, 67, 67A, 68, 69, 70, 71, 73, 74, 75, 76, 77, 78, 79, 80, 81, 82, 83, 83A, 83B, 84",,
73,"59, 60, 61, 62, 63, 64, 65, 66, 67, 67A, 68, 69, 70, 71, 72, 74, 75, 76, 77, 78, 79, 80, 81, 82, 83, 83A, 83B, 84",,
74,"59, 60, 61, 62, 63, 64, 65, 66, 67, 67A, 68, 69, 70, 71, 72, 73, 75, 76, 77, 78, 79, 80, 81, 82, 83, 83A, 83B, 84",,
75,"59, 60, 61, 62, 63, 64, 65, 66, 67, 67A, 68, 69, 70, 71, 72, 73, 74, 76, 77, 78, 79, 80, 81, 82, 83, 83A, 83B, 84",,
76,"59, 60, 61, 62, 63, 64, 65, 66, 67, 67A, 68, 69, 70, 71, 72, 73, 74, 75, 77, 78, 79, 80, 81, 82, 83, 83A, 83B, 84",,
77,"59, 60, 61, 62, 63, 64, 65, 66, 67, 67A, 68, 69, 70, 71, 72, 73, 74, 75, 76, 78, 79, 80, 81, 82, 83, 83A, 83B, 84",,
78,"59, 60, 61, 62, 63, 64, 65, 66, 67, 67A, 68, 69, 70, 71, 72, 73, 74, 75, 76, 77, 79, 80, 81, 82, 83, 83A, 83B, 84",,
79,"59, 60, 61, 62, 63, 64, 65, 66, 67, 67A, 68, 69, 70, 71, 72, 73, 74, 75, 76, 77, 78, 80, 81, 82, 83, 83A, 83B, 84",,
80,"59, 60, 61, 62, 63, 64, 65, 66, 67, 67A, 68, 69, 70, 71, 72, 73, 74, 75, 76, 77, 78, 79, 81, 82, 83, 83A, 83B, 84",,
81,"59, 60, 61, 62, 63, 64, 65, 66, 67, 67A, 68, 69, 70, 71, 72, 73, 74, 75, 76, 77, 78, 79, 80, 82, 83, 83A, 83B, 84",,
82,"59, 60, 61, 62, 63, 64, 65, 66, 67, 67A, 68, 69, 70, 71, 72, 73, 74, 75, 76, 77, 78, 79, 80, 81, 83, 83A, 83B, 84",,
83,"59, 60, 61, 62, 63, 64, 65, 66, 67, 67A, 68, 69, 70, 71, 72, 73, 74, 75, 76, 77, 78, 79, 80, 81, 82, 83A, 83B, 84",,
83A,"59, 60, 61, 62, 63, 64, 65, 66, 67, 67A, 68, 69, 70, 71, 72, 73, 74, 75, 76, 77, 78, 79, 80, 81, 82, 83, 83B, 84",,
83B,"59, 60, 61, 62, 63, 64, 65, 66, 67, 67A, 68, 69, 70, 71, 72, 73, 74, 75, 76, 77, 78, 79, 80, 81, 82, 83, 83A, 84",,
84,"59, 60, 61, 62, 63, 64, 65, 66, 67, 67A, 68, 69, 70, 71, 72, 73, 74, 75, 76, 77, 78, 79, 80, 81, 82, 83, 83A, 83B",,
85,"86, 86A, 87, 88, 88A",,
86,"85, 86A, 87, 88, 88A",,
86A,"85, 86, 87, 88, 88A, 36",,
87,"85, 86, 86A, 88, 88A",,
88,"85, 86, 86A, 87, 88A",,
88A,"85, 86, 86A, 87, 88",,
89,"90, 91, 92, 93, 94, 95, 95A, 96, 96A, 96B, 97, 97A, 46",,
90,"89, 91, 92, 93, 94, 95, 95A, 96, 96A, 96B, 97, 97A, 46",,
91,"89, 90, 92, 93, 94, 95, 95A, 96, 96A, 96B, 97, 97A, 46",,
92,"89, 90, 91, 93, 94, 95, 95A, 96, 96A, 96B, 97, 97A, 46",,
93,"89, 90, 91, 92, 94, 95, 95A, 96, 96A, 96B, 97, 97A, 46",,
94,"89, 90, 91, 92, 93, 95, 95A, 96, 96A, 96B, 97, 97A, 46",,
95,"89, 90, 91, 92, 93, 94, 95A, 96, 96A, 96B, 97, 97A, 46",,
95A,"89, 90, 91, 92, 93, 94, 95, 96, 96A, 96B, 97, 97A, 46",,
96,"89, 90, 91, 92, 93, 94, 95, 95A, 96A, 96B, 97, 97A, 46",,
96A,"89, 90, 91, 92, 93, 94, 95, 95A, 96, 96B, 97, 97A, 46",,
96B,"89, 90, 91, 92, 93, 94, 95, 95A, 96, 96A, 97, 97A, 46",,
97,"89, 90, 91, 92, 93, 94, 95, 95A, 96, 96A, 96B, 97A, 46",,
97A,"89, 90, 91, 92, 93, 94, 95, 95A, 96, 96A, 96B, 97, 46",,
98,"99, 100, 101, 102",,
99,"98, 100, 101, 102",,
100,"99, 98, 101, 102",,
101,"99, 100, 98, 102",,
102,"99, 100, 101, 98",,
103,"104, 105, 106, 107, 107A",,
104,"103, 105, 106, 107, 107A, 26",,
105,"103, 104, 106, 107, 107A",,
106,"103, 104, 105, 107, 107A, 26",,
107,"103, 104, 105, 106, 107A",,
107A,"103, 104, 105, 106, 107",,
108,"109, 109A, 109B, 110, 111, 112, 113, 114, 115, 116",,
109,"108, 109A, 109B, 110, 111, 112, 113, 114, 115, 116",,
109A,"108, 109, 109B, 110, 111, 112, 113, 114, 115, 116",,
109B,"108, 109, 109A, 110, 111, 112, 113, 114, 115, 116",,
110,"108, 109, 109A, 109B, 111, 112, 113, 114, 115, 116, 26",,
111,"108, 109, 109A, 109B, 110, 112, 113, 114, 115, 116",,
112,"108, 109, 109A, 109B, 110, 111, 113, 114, 115, 116",,
113,"108, 109, 109A, 109B, 110, 111, 112, 114, 115, 116",,
114,"108, 109, 109A, 109B, 110, 111, 112, 113, 115, 116, 26",,
115,"108, 109, 109A, 109B, 110, 111, 112, 113, 114, 116",,
116,"108, 109, 109A, 109B, 110, 111, 112, 113, 114, 115",,
117,"118, 119, 120, 120A, 121",,
118,"117, 119, 120, 120A, 121",,
119,"117, 118, 120, 120A, 121",,
120,"117, 118, 119, 120A, 121",,
120A,"117, 118, 119, 120, 121",,
121,"117, 118, 119, 120, 120A",,
122,"123, 124, 125, 126, 127, 128, 129, 130, 131, 132, 133, 134, 135, 136, 137",,
123,"122, 124, 125, 126, 127, 128, 129, 130, 131, 132, 133, 134, 135, 136, 137",,
124,"122, 123, 125, 126, 127, 128, 129, 130, 131, 132, 133, 134, 135, 136, 137",,
125,"122, 123, 124, 126, 127, 128, 129, 130, 131, 132, 133, 134, 135, 136, 137",,
126,"122, 123, 124, 125, 127, 128, 129, 130, 131, 132, 133, 134, 135, 136, 137",,
127,"122, 123, 124, 125, 126, 128, 129, 130, 131, 132, 133, 134, 135, 136, 137",,
128,"122, 123, 124, 125, 126, 127, 129, 130, 131, 132, 133, 134, 135, 136, 137",,
129,"122, 123, 124, 125, 126, 127, 128, 130, 131, 132, 133, 134, 135, 136, 137",,
130,"122, 123, 124, 125, 126, 127, 128, 129, 131, 132, 133, 134, 135, 136, 137",,
131,"122, 123, 124, 125, 126, 127, 128, 129, 130, 132, 133, 134, 135, 136, 137",,
132,"122, 123, 124, 125, 126, 127, 128, 129, 130, 131, 133, 134, 135, 136, 137",,
133,"122, 123, 124, 125, 126, 127, 128, 129, 130, 131, 132, 134, 135, 136, 137",,
134,"122, 123, 124, 125, 126, 127, 128, 129, 130, 131, 132, 133, 135, 136, 137",,
135,"122, 123, 124, 125, 126, 127, 128, 129, 130, 131, 132, 133, 134, 136, 137",,
136,"122, 123, 124, 125, 126, 127, 128, 129, 130, 131, 132, 133, 134, 135, 137",,
137,"122, 123, 124, 125, 126, 127, 128, 129, 130, 131, 132, 133, 134, 135, 136",,
138,"55, 138A, 138B, 138C, 138D, 138E",,
138A,"55, 138, 138B, 138C, 138D, 138E",,
138B,"55, 138A, 138, 138C, 138D, 138E",,
138C,"55, 138A, 138B, 138, 138D, 138E",,
138D,"55, 138A, 138B, 138C, 138, 138E",,
138E,"55, 138A, 138B, 138C, 138D, 138",,
139,"140, 141",,
140,"139, 141",,
141,"139, 140",,
142,"142A, 143, 144, 145, 146, 147, 148, 149, 150, 151, 152, 153, 154, 155, 156, 157, 158, 159, 160, 161",,
142A,"142, 143, 144, 145, 146, 147, 148, 149, 150, 151, 152, 153, 154, 155, 156, 157, 158, 159, 160, 161",,
143,"142, 142A, 144, 145, 146, 147, 148, 149, 150, 151, 152, 153, 154, 155, 156, 157, 158, 159, 160, 161",,
144,"142, 142A, 143, 145, 146, 147, 148, 149, 150, 151, 152, 153, 154, 155, 156, 157, 158, 159, 160, 161",,
145,"142, 142A, 143, 144, 146, 147, 148, 149, 150, 151, 152, 153, 154, 155, 156, 157, 158, 159, 160, 161",,
146,"142, 142A, 143, 144, 145, 147, 148, 149, 150, 151, 152, 153, 154, 155, 156, 157, 158, 159, 160, 161",,
147,"142, 142A, 143, 144, 145, 146, 148, 149, 150, 151, 152, 153, 154, 155, 156, 157, 158, 159, 160, 161",,
148,"142, 142A, 143, 144, 145, 146, 147, 149, 150, 151, 152, 153, 154, 155, 156, 157, 158, 159, 160, 161",,
149,"142, 142A, 143, 144, 145, 146, 147, 148, 150, 151, 152, 153, 154, 155, 156, 157, 158, 159, 160, 161",,
150,"142, 142A, 143, 144, 145, 146, 147, 148, 149, 151, 152, 153, 154, 155, 156, 157, 158, 159, 160, 161",,
151,"142, 142A, 143, 144, 145, 146, 147, 148, 149, 150, 152, 153, 154, 155, 156, 157, 158, 159, 160, 161",,
152,"142, 142A, 143, 144, 145, 146, 147, 148, 149, 150, 151, 153, 154, 155, 156, 157, 158, 159, 160, 161",,
153,"142, 142A, 143, 144, 145, 146, 147, 148, 149, 150, 151, 152, 154, 155, 156, 157, 158, 159, 160, 161",,
154,"142, 142A, 143, 144, 145, 146, 147, 148, 149, 150, 151, 152, 153, 155, 156, 157, 158, 159, 160, 161",,
155,"142, 142A, 143, 144, 145, 146, 147, 148, 149, 150, 151, 152, 153, 154, 156, 157, 158, 159, 160, 161",,
156,"142, 142A, 143, 144, 145, 146, 147, 148, 149, 150, 151, 152, 153, 154, 155, 157, 158, 159, 160, 161",,
157,"142, 142A, 143, 144, 145, 146, 147, 148, 149, 150, 151, 152, 153, 154, 155, 156, 158, 159, 160, 161",,
158,"142, 142A, 143, 144, 145, 146, 147, 148, 149, 150, 151, 152, 153, 154, 155, 156, 157, 159, 160, 161",,
159,"142, 142A, 143, 144, 145, 146, 147, 148, 149, 150, 151, 152, 153, 154, 155, 156, 157, 158, 160, 161",,
160,"142, 142A, 143, 144, 145, 146, 147, 148, 149, 150, 151, 152, 153, 154, 155, 156, 157, 158, 159, 161",,
161,"142, 142A, 143, 144, 145, 146, 147, 148, 149, 150, 151, 152, 153, 154, 155, 156, 157, 158, 159, 160",,
162,,,
